accueil	Cérémonie ou prestation réservée à un nouvel arrivant, consistant généralement à lui souhaiter la bienvenue et à l'aider dans son intégration ou ses démarches.	Lieu où sont accueillies les personnes.	
dictionnaire	Ouvrage de référence qui répertorie des mots dans un ordre convenu (alphabétique en général) pour leur associer :	une définition, un sens,	un ou plusieurs synonymes, antonymes, etc.,	une étymologie,	et/ou une traduction.	Il peut se contenter d'attester la simple existence d'un mot de façon normative, sans donner aucune autre information.	
lire	Interpréter des informations écrites sous forme de mots ou de dessins sur un support.	Suivre des yeux ce qui est écrit ou imprimé, avec la connaissance des sons que les lettres figurent; soit en ne proférant pas les mots, soit en les proférant à haute voix.	Comprendre ce qui est écrit ou imprimé dans une langue étrangère.	Prononcer à haute voix, avec l'intonation voulue, ce qui est écrit ou imprimé.	S'instruire, s'amuser, s'informer, etc. par la lecture.	Se dit encore en parlant de Quelque livre qu'un professeur explique ou fait expliquer à ses auditeurs et qu'il prend pour sujet des leçons qu'il leur donne.	Monnaie utilisée en Italie avant l'usage de l'euro.	
encyclopédie	Ensemble, enchaînement de toutes les connaissances.	Ouvrage de référence contenant des articles de fond (souvent classés par ordre alphabétique) portant sur un grand nombre de sujets, généraux ou spécifiques.	
manga	Bande dessinée japonaise, souvent en noir et blanc et à la pagination élevée.	Style, stéréotypes et règles implicites de la bande dessinée japonaise.	Peut aussi désigner un dessin animé japonais, mais ce terme est impropre car le terme courant est « anime ».	
ouvrage	Travail, action de travailler.	Ce qui est produit par l'ouvrier ce qui résulte d'un travail.	Fortification  Toute sorte de travaux avancés au-dehors d'une place et destinés à la fortifier.	Travaux publics &amp; maçonnerie Construction.	Première personne du singulier de l'indicatif présent du verbe ouvrager.	Troisième personne du singulier de l'indicatif présent du verbe ouvrager.	Première personne du singulier du subjonctif présent du verbe ouvrager.	Troisième personne du singulier du subjonctif présent du verbe ouvrager.	Deuxième personne du singulier de l'impératif du verbe ouvrager.	
siège	Meuble utilisé pour s'asseoir.	Place honorifique, mandat.	Endroit où est établi quelqu'un ou quelque chose.	: Siège patriarcal, primatial, épiscopal, pontifical.	: Cet évêque a occupé le siège tant d'années.	: Pendant la vacance du siège.	Du verbe siéger.	
chaise	Siège avec dossier, sans accoudoirs.	
fauteuil	Siège comportant des accotoirs, communément appelés accoudoirs, et un dossier.	Le fauteuil du président dans une assemblée ou même figurément la présidence.	
meuble	Objets qui garnissent, ornent une chambre, un appartement, une maison.	Au singulier, signifie, dans un sens collectif, toute la garniture d'un appartement, d'une chambre, d'un cabinet, etc., comme tapisseries, lits, sièges, etc., principalement lorsqu'elle est assortie pour les formes et pour les couleurs.	Caractère de ce qui est mou, malléable.	Qu'on peut déplacer, remuer (voir ci-dessous)	Première personne du pluriel de l'indicatif présent du verbe meubler.	Troisième personne du pluriel de l'indicatif présent du verbe meubler.	Première personne du pluriel du subjonctif présent du verbe meubler.	Troisième personne du pluriel du subjonctif présent du verbe meubler.	Deuxième personne du pluriel de l'impératif présent du verbe meubler.	
mardi	Deuxième jour de la semaine.	
lundi	Premier jour de la semaine de travail. Suit le dimanche et précède le mardi.	Le jour du lundi.	
semaine	Séquence constituée des sept jours : lundi, mardi, mercredi, jeudi, vendredi, samedi et dimanche.	Période de cinq jours travaillés (du lundi au vendredi) au sein des sept jours de la semaine, par opposition au week-end.	Temps légal de travail pendant une semaine.	Salaire obtenu au bout d'une semaine de travail.	Durée d'une campagne publicitaire.	
militaire	Qui concerne la guerre ou les armées	Destiné à l'usage des troupes.	Personne membre d'une armée.	
suis	Première personne du singulier de l'indicatif présent du verbe être.	Première personne du singulier de l'indicatif présent du verbe suivre.	Deuxième personne du singulier de l'indicatif présent du verbe suivre.	Deuxième personne du singulier de l'impératif du verbe suivre.	
barbe à papa	Confiserie que l'on trouve en général dans les fêtes foraines, composée de sucre chauffé et étiré jusqu'à former des fils, enroulés ensuite autour d'une baguette.	
manchot	Qui est estropié ou privé de la main ou du bras.	Relatif au département de la Manche ou à ses habitants.	Personne à qui il manque un ou les deux bras.	
pingouin	
mercredi	Troisième jour de la semaine.	Se dit parfois afin de ne pas dire le juron merde.	
bande dessinée	Œuvre utilisant des images fixes non purement photographiques, généralement des dessins, articulées dans une visée narrative.	
oiseau	Exercice où l'on propose un prix pour celui qui abat d'un coup de fusil ou d'un coup de flèche la figure d'un oiseau attachée au haut d'une perche.	Fauconnerie Oiseau de proie.	Maçonnerie Sorte de hotte dont les manœuvres se servent pour porter le mortier sur leurs épaules.	
allemand	
Allemande	
Allemands	Masculin pluriel de Allemand.	
jeudi	Quatrième jour de la semaine. Suit le mercredi et précède le vendredi.	
vendredi	Cinquième jour de la semaine. Suit le jeudi et précède le samedi.	
ailé	Qui possède des ailes.	Du verbe ailer.	
voler	Action de se maintenir dans les airs en battant des ailes.	Se dit aussi des aéronefs, se mouvoir dans l'air.	Piloter un avion.	Se mouvoir dans l'air avec une grande vitesse.	Envoyer en l'air.	Fauconnerie Poursuivre en volant, chasser d'autres oiseaux ou du gibier.	S'approprier le bien d'autrui. Prendre quelque chose à quelqu'un sans son accord.	
ovipare	Qui pond des œufs.	Animal ovipare.	
poisson	Posture fondamentale du yoga, où le corps repose sur les fesses et le sommet de la tête, le tronc étant relevé.	
travail	Labeur, application à une tâche, effort soutenu pour faire quelque chose, en parlant de l'esprit comme du corps.	Manière dont on travaille habituellement.	Ouvrage même, de quelque nature qu'il soit, qui est produit par le labeur.	Ouvrage de l'esprit, étude historique, philosophique, scientifique.	Manière dont l'ouvrage est fait.	Ouvrage qui est à faire ou auquel on travaille présentement.	Déroulement des opérations de la nature dans l'accouchement, les douleurs de l'enfantement.	économie politique Labeur humain considéré comme facteur essentiel de la production.	Manège Ensemble des exercices que l'on fait faire à un cheval.	Bâti servant à la contention des chevaux et des bovins, durant la pose des fers, ou pour des opérations chirurgicales.	
armée	Ensemble structuré de soldats, avec leur équipement et leurs infrastructures.	Du verbe armer.	
nouveau	Non existant auparavant.	Jamais vu auparavant.	Récent.	Placé devant un participe passé pris substantivement, il prend une valeur adverbiale et signifie « récemment ».	Autre, qui succède à un être ou à une chose de même ordre.	Ressemblant, semblable, en conformité, dans une suite temporelle, avec une autre personne ou une autre chose.	Novice, inexpérimenté.	Celui, celle qui vient d'arriver au collège, dans un atelier, dans une compagnie.	Neuf.	Changement.	
pinyin	Système de romanisation des sinogrammes, qui fut développé en République populaire de Chine.	
sinogramme	Unité de l'écriture logographique chinoise. Aussi utilisé en japonais.	
kanji	Sinogrammes utilisés en écriture japonaise.	
chair à canon	
jour	Période de vingt-quatre heures, commençant généralement à minuit; en certains lieux et à certaines époques, le jour commençait plutôt avec le lever ou le coucher du soleil.	Période durant laquelle le soleil apporte sa lumière, pour une zone donnée de la Terre .	Source de lumière ou percement par lequel la lumière  peut pénétrer.	
groupe	Ensemble de personnes (ou d'animaux).	:Un groupe de rock jouait sur la place.	: Les groupes de gauche se réunirent.	: Il préside un groupe important.	Plusieurs objets qui forment un tout.	: Ces figures font un beau groupe.	: Le groupe de Laocoon.	technique Ensemble de composants, d'appareils servant comme un tout.	: Le groupe moteur.	: Le groupe électrogène.	Première personne du singulier de l'indicatif présent du verbe grouper.	Troisième personne du singulier de l'indicatif présent du verbe grouper.	Première personne du singulier du subjonctif présent du verbe grouper.	Troisième personne du singulier du subjonctif présent du verbe grouper.	Deuxième personne du singulier de l'impératif du verbe grouper.	
école	Lieu dédié à l'apprentissage.	Plus particulièrement, les établissements où l'on enseigne  les savoirs fondamentaux  comme la lecture et l'écriture et qui sont aussi  désignés sous le nom décoles primaires ou communales.	Tous les élèves d'une école, ou les professeurs et les employés d'une école.	Mouvement ou doctrine d'un philosophe.	Art Littérature Classe d'artistes qui travaillent ou qui ont travaillé selon les principes, à l'imitation d'un même maître, ou suivant les habitudes propres à certaines époques de l'art, à certains lieux.	Première personne du singulier de l'indicatif présent du verbe écoler.	Troisième personne du singulier de l'indicatif présent du verbe écoler.	Première personne du singulier du subjonctif présent du verbe écoler.	Troisième personne du singulier du subjonctif présent du verbe écoler.	Deuxième personne du singulier de l'impératif du verbe écoler.	
CD-ROM	
photographie	Processus de fabrication d'images sur une surface sensible.	Image sur un support.	Portrait réalisé par photographie.	Première personne du singulier de l'indicatif présent du verbe photographier.	Troisième personne du singulier de l'indicatif présent du verbe photographier.	Première personne du singulier du subjonctif présent du verbe photographier.	Troisième personne du singulier du subjonctif présent du verbe photographier.	Deuxième personne du singulier de l'impératif du verbe photographier.	
ordinateur	
janvier	Premier mois de l'année du calendrier grégorien.	
année	Subdivision du temps, correspondant à la durée d'une révolution de la Terre autour du Soleil, qui comporte trois cent soixante-cinq jours (trois cent soixante-six les années bissextiles), cinquante-deux semaines environ, douze mois solaires ou douze ou treize mois lunaires.	Se dit souvent par rapport au climat ou aux cultures  agricoles.	Durée de douze mois, sans égard à l'époque où elle commence ni à l'époque où elle finit.	Ce qu'on doit recevoir ou payer par année.	
février	Deuxième mois du calendrier grégorien qui compte normalement vingt-huit jours, sauf dans les années bissextiles où il en compte vingt-neuf.	
mars	Troisième mois de l'année du calendrier grégorien.	
avril	Quatrième mois de l'année dans le calendrier grégorien, il est placé entre mars et mai et il dure 30 jours.	
mai	Cinquième mois de l'année dans le calendrier grégorien, il est placé entre avril et juin, et dure 31 jours.	Arbre qu'on a coupé et qu'on plante, le premier jour de mai, devant la porte de quelqu'un et spécialement d'une jeune fille, en signe d'honneur.	
juin	Sixième mois de l'année du calendrier grégorien.	
juillet	Septième mois de l'année. Il compte trente et un jours.	
octobre	Dixième mois de l'année du calendrier grégorien qui compte trente et un jours.	
novembre	Onzième mois de l'année du calendrier grégorien, constitué de 30 jours.	
décembre	Douzième et dernier mois de l'année du calendrier grégorien.	
computer	Supputer, compter.	
anglais	Langue utilisée au Royaume-Uni de Grande-Bretagne et d'Irlande du Nord, au Canada, aux États-Unis, en Australie et dans un grand nombre d'autres pays du monde.	Relatif à la langue anglaise.	Première personne du singulier de l'imparfait de l'indicatif du verbe angler.	Deuxième personne du singulier de l'imparfait de l'indicatif du verbe angler.	
lieu	Portion de l'espace, soit prise en elle-même, soit considérée par rapport à ce qui l'occupe.	Il se dit aussi par rapport à la destination.	(Au pluriel) Endroit désigné, indiqué.	(Au pluriel) appartement, différentes pièces d'un bien immobilier.	Place, rang.	En termes de Procédure, Être au lieu et place de quelqu'un, avoir la cession de ses droits et actions.	Indique une notion d'ordre.	Endroit, temps convenable pour dire, pour faire quelque chose.	
physique	Science qui étudie la nature de la matière, de l'énergie et de leurs interactions.	Ouvrages qui traitent de cette science.	Il se dit, dans un sens plus général, de l'étude de la nature.	Qui s'exprime dans le monde matériel sous une forme mesurable.	Relatif à la science de la physique.	Qui se rapporte au corps de l'homme.	Aspect extérieur d'une personne.	
concertation	Fait de se concerter, de prendre mutuellement l'avis des uns et des autres en vue d'un projet commun.	Se concerter ce n'est pas seulement prendre l'avis (consultation) mais "projeter de concert", s'entendre pour agir ensemble. La concertation et la consultation ne sont pas la même chose.	
interrogation	Question.	scolarité Examen permettant de vérifier la connaissance et/ou la compréhension qu'a un élève ou un étudiant d'un domaine qui lui a été enseigné.	
homogène	Qualifie une distribution uniformément répartie.	Qui est formé de parties de même nature.	
imprimante	Périphérique informatique destiné à imprimer du texte ou des éléments graphiques sur du papier.	
empirique	Qui s'appuie exclusivement sur l'expérience et l'observation, sans suivre les méthodes, les principes scientifiques.	Philosophe partisan du système de l'empirisme.	
observation	Constatation et surveillance d'un phénomène.	Une donnée qui a été observée. Les observations sont généralement faites à l'aide d'instruments.	Remarque qui est faite à une personne (admonestation légère).	Obéissance à un règlement.	
hypothèse	didactique Supposition que l'on fait sans se demander si elle est vraie ou fausse, mais seulement pour en tirer des conséquences à vérifier.	ordinairement  Conjecture, ou ensemble de conjectures, qui permettent d'essayer, par une interprétation anticipée, une explication de certains phénomènes de la nature, ou de faits présents ou passés.	Assemblage de plusieurs suppositions faites pour parvenir plus facilement à l'explication de certains phénomènes; ce qu'on appelle autrement et plus communément : système.	Proposition particulière comprise sous la thèse générale.	
collaboration	Action de travailler de concert avec un ou plusieurs autres. Il se dit principalement des Travaux littéraires, scientifiques ou administratifs.	Fait de travailler avec l'ennemi. Note : Ce terme a plus particulièrement été utilisé lors de la Seconde Guerre mondiale pour parler de la collaboration avec les nazis. La forme péjorative collabo est parfois employée dans ce sens.	
samedi	Sixième jour de la semaine, qui suit le vendredi et précède le dimanche.	
dimanche	Septième jour de la semaine. Suit le samedi et précède le lundi.	
prendre	Saisir, mettre en sa main.	Saisir une chose, l'enlever, la tirer à soi autrement qu'avec la main.	Saisir les choses avec leur gueule, leur bec, leurs griffes, etc., en parlant des animaux	Mettre sur soi, en parlant des habits, des vêtements.	Emporter avec soi certaines choses par besoin ou par précaution.	Emporter en cachette ou de force, ôter à quelqu'un ce qu'il possède, le lui dérober.	S'emparer, se saisir par force d'une chose ou d'une personne.	jeu Enlever à l'adversaire.	Faire des levées d'hommes.	Arrêter quelqu'un pour le conduire en prison.	Butiner à la guerre, y faire des prisonniers.	Poursuivre et saisir un gibier, en parlant des animaux de chasse, des oiseaux de proie, des prédateurs.	Surprendre.	Attaquer, aborder.	Manger, boire, avaler, absorber, en parlant des aliments, des boissons, des médicaments solides ou liquides.	Faire usage pour sa santé, pour son agrément, etc.	Atteindre par surprise	Fixer sur le corps	Contracter, adopter.	Se donner, employer , en parlant de titres, de qualités, de noms.	Acquérir, acheter.	Demander, percevoir un prix pour quelque chose que l'on vend.	Recevoir, accepter.	Emprunter, tirer de.	Engager des personnes, ou s'engager avec elles, sous certaines conditions.	Joindre quelqu'un en quelque endroit, pour se rendre ailleurs avec lui.	Emmener avec soi.	Recueillir,  donner l'hospitalité.	Ôter, retirer, retrancher une partie d'un tout.	Se charger d'une chose, entrer en possession, en jouissance d'une chose à certaines conditions.	Engager et conduire, en parlant d'une affaire.	Choisir, préférer, adopter de préférence, se décider pour.	Choisir une route, un chemin, s'y mettre en marche, en parlant particulièrement de ceux qui voyagent, qui cheminent.	Éprouver, en parlant des sentiments, des passions, des affections et des répugnances.	Obtenir, recueillir.	Déterminer par la mesure, les dimensions , la grandeur d'une chose.	Rédiger, relever, fixer sur le papier.	S'enraciner, pousser, croître.	Adhérer, s'attacher, produire son effet.	Faire une impression trop forte à la gorge, au nez.	Se geler, se coaguler, s'épaissir, se solidifier.	Contribuer à un bon ou à un mauvais résultat.	Être atteint	S'attacher, s'accrocher.	Concevoir un sentiment pour quelqu'un.	Provoquer, s'attaquer à quelqu'un	Se contracter, en parlant de maladies.	Se figer, se solidifier.	
le	Pronom représentant celui (personne ou objet) dont on parle. Utilisé en tant que complément d'objet direct. Devant un son vocalique (voyelle ou h muet), le e est élidé et le pronom se transforme en l'.	
la	Féminin singulier de le. Représente un groupe nominal féminin singulier complément d'objet direct (pour le pronom féminin complément d'objet indirect, voir lui).	
les	Pluriel de le ou la. Pronom personal de la troisième personne du pluriel accusatif.	
fin	Terminaison ou arrêt d'une chose.	Objectif, finalité.	Summum, quintessence, ce qu'il y a de plus subtil dans un sentiment, dans une pensée.	Personne rusée.	Or ou argent qui se trouve dans un alliage, surtout lorsqu'on parle de monnaies.	Délié, menu, mince ou étroit.	Élégant, délicat, gracieux.	Raffiné, qui n'est pas commun, qui est excellent en son genre.	Véritable.	Aiguisé, exact, en parlant des sens.	Spirituel.	Habile, avisé, rusé.	Qui est fait avec adresse, rusé.	Finement.	
abréviation	Action d'abréger ; résultat de cette action.	Mot court résultant du retranchement de lettres d'un mot ou d'un groupe de mots plus long et servant à gagner de l'espace ou de la rapidité.	Signe destiné à représenter sous une forme abrégée des mots ou plusieurs notes de musique.	
essai	Test, examen, épreuve de solidité, de pérennité, d'adéquation.	Tentative.	Premières productions de l'esprit ou de l'art qui se font sur quelque sujet, sur quelque matière, pour voir si l'on y réussira.	Littérature Ouvrage littéraire explorant un domaine donné selon le point de vue de l'auteur. Il est intitulé ainsi, soit par modestie, soit parce que l'auteur ne se propose pas d'approfondir la matière de son traité. Contrairement à l'étude, l'essai peut être polémique  ou partisan.	Première personne du singulier du passé simple du verbe esser.	
chinois	Qui se rapporte à la Chine (y compris Taïwan).	
procrastiner	Reporter au lendemain, remettre à plus tard quelque chose, généralement par manque de motivation ou par paresse.	
espagnol	
Espagnols	Masculin pluriel de Espagnol.	
neuf	Adjectif numéral cardinal correspondant au nombre 9.	Adjectif numéral ordinal, neuvième.	Le nombre 9.	Chiffre de numérotation écrit « 9 ».	Qui est fait depuis peu.	Qui n'a pas encore servi.	Se dit aussi de certaines choses à l'égard d'autres qui sont plus anciennes.	Qui est novice, qui n'a point encore d'expérience en quelque chose.	Qui n'a pas encore été dit, traité, produit, employé.	Ce qui est nouveau.	
et	Concatène plusieurs concepts dans une même relation.	Indique une simultanéité de caractéristiques.	
un	Marque l'unité, le fait qu'une personne ou une chose est seule, unique en son espèce.	S'emploie familièrement pour indiquer un très petit nombre indéterminé.	Ordinal de premier.	Unitaire, qui est seul, unique, qui n'admet point de pluralité.	Où règne l'unité, dont les parties sont liées entre elles de manière à former un tout.	Le nombre 1.	Chiffre utilisé dans la numérotation décimale écrit 1.	
nord	Celui des quatre points cardinaux qui correspond à la direction de l'étoile polaire.	Partie de la terre qui est opposée au midi.	Région d'un pays la plus rapprochée du nord.	Dans la direction du nord.	
sud	Dans la direction du sud.	
localisation	Propriété liée à un endroit, un lieu.	
terre	Surface de notre planète qui n'est pas recouverte par les mers et les océans.	Partie de cette surface : aire géographique, pays, région.	Partie de cette surface que l'on possède, souvent pour la cultiver.	Matériau meuble qui constitue une grande partie de cette surface et où poussent les végétaux.	Du verbe terrer.	
dico	
je	Pronom de la première personne du singulier. Peut aussi bien être masculin que féminin, en fonction du genre du sujet. Utilisé exclusivement en tant que sujet. Devant une voyelle ou un h aspiré, il s'élide en j'.	
mot	Succession de sons dans les langues parlées ou un signe dans les langues des signes qui a un sens propre.	En français, comme dans toutes les langues qui utilisent un alphabet de style latin, un mot est une succession de lettres de l'alphabet qui a un sens donné.	En logique, un mot est une séquence de symboles.	Parole, discours.	Message écrit.	Prix que l'on demande ou que l'on offre de quelque chose.	Trait d'esprit.	Échange verbal dans une querelle.	
une	Première page d'un journal contenant les grands titres.	
aux	
personne	Être humain considéré en tant qu'individu.	Précédé d'un adjectif possessif, se dit de la vie, du corps, du physique de celui qui parle, à qui l'on parle, ou dont on parle.	Personnage.	Il se dit, dans certaines locutions, des femmes seulement.	Il se dit quelquefois d'un homme ou d'une femme, considérés en eux-mêmes.	Sert, dans certaines expressions, à donner plus de force, d'ampleur, de solennité à ce que l'on dit.	
green	zone d'un parcours de golf, où se trouve le trou.	
plage	Étendue de sable ou de galets bordant un plan d'eau.	Divers enregistrements d'une même face d'un disque vinyle.	Partie plane située à l'arrière d'une voiture et couvrant la malle arrière.	
lès	Près de ; souvent employé dans des noms de communes.	
nom commun	Mot représentant à lui seul un concept.	
des	
ou	Construit une disjonction sur plusieurs concepts : un seul des concepts sera effectif.	Indique une alternative de caractéristiques.	
cérémonie	Ensemble des formes extérieures et régulières du culte religieux, des célébrations mystiques.	Actes de civilité, témoignages convenus de déférence que les particuliers se donnent les uns aux autres.	
Toulouse	
on	Pronom de la troisième personne du singulier. S'utilise pour désigner un sujet de nombre indéfini, en remplacement d'une forme passive.	
O	Ouest.	
arrivant	Qui vient d'arriver.	Nom que l'on donne à une personne qui vient d'arriver.	Participe présent du verbe arriver.	
japonais	Relatif à la langue japonaise.	
consistant	Du verbe consister.	Complet, dense.	Qui a de la consistance.	
verbe	Ton de la voix.	
accueille	
rare	Qui est en petit nombre, qui se trouve difficilement.	Qualifie une personne qui a un mérite extraordinaire.	Qualifie une barbe clairsemée.	
travaux	Pluriel de travail : Suite d'études, d'opérations, d'entreprises, pour  élaborer, construire, édifier, quelque chose.	Chantier.	
anglaise	Danse d'un mouvement très vif. Air sur lesquels on exécute cette danse.	Boucles de cheveux allongées qui retombent le long des joues ou derrière les oreilles.	Écriture cursive.	Galons de fil dont les tapissiers se servent pour border les étoffes qu'ils emploient en meubles.	Féminin singulier de anglais.	Première personne du singulier de l'indicatif présent du verbe anglaiser.	Troisième personne du singulier de l'indicatif présent du verbe anglaiser.	Première personne du singulier du subjonctif présent du verbe anglaiser.	Troisième personne du singulier du subjonctif présent du verbe anglaiser.	Deuxième personne du singulier de l'impératif du verbe anglaiser.	
anglaises	Féminin pluriel d'anglais.	Pluriel d'anglais.	Deuxième personne du singulier de l'indicatif présent du verbe anglaiser.	Deuxième personne du singulier du subjonctif présent du verbe anglaiser.	
portugais	Relatif au portugais, la langue.	Langue utilisée au Portugal, au Brésil, en Angola, au Mozambique, à Macao en Guinée-Bissau, au Cap-Vert, à Goa et Saint Tomé et Principe.	
ordre	Arrangement, disposition régulière des choses les unes par rapport aux autres.	En termes militaires,	En termes de Procédure,	Loi, règle établie par la nature, par l'autorité, par les bienséances, par l'usage, etc.	Tranquillité, discipline, subordination aux règles établies.	Régularité, exactitude, économie.	En parlant d'une maison, d'un appartement, etc., arrangement, état des choses qu'ils contiennent.	Degré, rang, classe.	Se dit spécialement des Neuf classes, autrement appelées Chœurs, dans lesquelles on suppose que les anges sont distribués.	: Les neuf ordres des anges.	: L'ordre des séraphins, des chérubins.	Chacun des degrés de la hiérarchie ecclésiastique.	Classes subordonnées entre elles qui composent un état, une corporation.	Ce qui est enjoint, commandé à quelqu'un par une autorité supérieure.	Estimation.	
deux	Qui est le double de l'unité.	Deuxième, second.	: On écrit ordinairement : Henri II, Catherine II.	: Cet emploi est critiqué : On emploie les adjectifs de nombre cardinaux au lieu des adjectifs de nombre ordinaux […] en parlant des souverains et des princes de même nom qui ont gouverné le même pays, comme: Georges trois, Louis quatorze. On doit excepter les deux premiers de la série, comme Edward Premier, François Second, Henri Second. Il n'est point exact de dire : François Deux, Henri Deux. Bien des personnes font cette faute. F. Grandineau, Grammaire royale, ou Recueil des règles grammaticales de la langue française écrit pour servir à l'instruction de son Altesse Royale la princesse Victoria d'Angleterre, seconde partie, chapitre IV : Adjectifs déterminatifs, § Des adjectifs de nombre ; Simpkin, Marshall et Co. Stationers'-Hall Court, Londres, 1835, page 203.	Chiffre qui marque deux.	Nombre représentant deux unités.	Quelque chose repéré par le chiffre 2 (par exemple, carte à jouer, côté d'un dé qui porte deux points, cheval dans une course, etc.).	
Internet	
courriel	
pourriel	
arriver	Parvenir à destination.  Sans complément, on sous-entend que la destination est le lieu où se tient le locuteur.	Parvenir à ses fins.	Pour un événement: survenir, se produire. Il s'emploie alors souvent de manière impersonnelle.	Venir, s'approcher.	
ensemble	Réunion d'éléments qui forment un tout.	Unité résultant du concours harmonieux des diverses parties d'un tout ; accord.	Collection d'éléments harmonisés, assortis.	Costume féminin composé de deux ou trois pièces.	Habitat Groupe plus ou moins important d'habitations bénéficiant de certains équipements * collectifs.	Groupe de musiciens, de chanteurs ; formation musicale.	Les uns avec les autres.	En même temps.	En s'harmonisant.	
nom	Mot permettant de nommer un être ou une chose. Un nom peut être un nom commun ou un nom propre.	Nom de famille, patronyme.	Naissance illustre, noblesse, maison noble.	Qualification, épithète.	Qualité, titre.	Réputation, célébrité.	Mot par opposition à la chose, apparence par opposition à la réalité.	Suivi de « de » et de certaines expressions, est employé trivialement comme juron.	
adjectif	
alphabétique	Qui est selon l'ordre de l'alphabet.	
du	Signifie une quantité indéfinie.	
traduction	Action de traduire, travail consistant à traduire un texte d'une langue dans une autre langue.	Résultat de ce travail ; version d'un ouvrage dans une langue différente de celle où il a été écrit.	
sens	Signification, ce que quelque chose veut dire.	Direction de circulation d'un flux.	Première personne de l'indicatif présent du  verbe sentir.	Deuxième personne de l'indicatif présent du  verbe sentir.	Deuxième personne de l'impératif présent du  verbe sentir.	Pluriel de sen, centième partie du yen.	
Néerlandais	
Néerlandaises	Féminin pluriel de Néerlandais.	
néerlandais	
livre	Ensemble de pages reliées entre elles et dotées de signes destinés à être lus.	Ouvrage de l'esprit, en prose ou en vers, d'assez grande étendue pour faire au moins un volume.	Écrit sur une face et se présentant sous forme de rouleau.	Ensemble de feuilles de parchemin ou de papier écrites des deux côtés et rassemblées en cahiers, codex.	Ouvrage imprimé, relié ou broché, non périodique, comportant un assez grand nombre de pages.	Ce type d'ouvrage, publié sur un autre support.	Sous-partie, division de ces ouvrages.	Terme générique faisant référence à un ouvrage servant de base à une religion et considéré comme sacré.	Commerce Registre sur lequel on inscrit ce qu'on reçoit et ce qu'on dépense, ce qu'on achète et ce qu'on vend, ses dettes actives et ses dettes passives, etc.	Diplomatie Accompagné d'une épithète de couleur (désignant la couverture) : Recueil de pièces diplomatiques, publié par le gouvernement d'un pays.	Secteur d'activité regroupant l'édition et l'imprimerie.	Unité monétaire ancienne puis étrangère.	Du verbe livrer :	Première personne du singulier du présent de l'indicatif.	Troisième personne du singulier du présent de l'indicatif.	Première personne du singulier du présent du subjonctif.	Troisième personne du singulier du présent du subjonctif.	Deuxième personne du singulier du présent de l'impératif.	
alphabet	
habitant	Personne (ou éventuellement animal) passant une partie importante de sa vie dans un lieu donné.	Du verbe habiter.	
A	
texte	Suite ordonnée de mots écrits.	Propres termes d'un auteur, teneur exacte d'un acte, d'une loi, etc.	Caractère d'imprimerie.	
article	Entomologie Parties des membres des insectes qui peuvent se mouvoir les unes sur les autres.	Petit texte qui forme une division ou subdivision d'un écrit.	Objet qu'un commerçant a dans son magasin.	Sujet auquel est consacré une lettre, un mémoire, une dissertation, etc.	Instant critique, seulement dans l'expression : à l'article de la mort	
langue	
élément	Partie unitaire d'un ensemble.	On appelle aussi, dans le langage courant, éléments d'un corps les substances composées ou simples qui constituent ce corps.	L'une des quatre substances, l'air, le feu, la terre et l'eau que l'on croyait simples, parce qu'on ne savait pas les décomposer, et que l'on supposait être les principes constituants de tous les corps.	Il signifie encore milieu dans lequel vit et se meut un être animé, un organisme.	
unitaire	Relatif au nombre un.	Qui est partisan de l'unité.	
mobilier	Qui consiste en meubles, ou qui concerne cette nature de biens.	Ensemble de meubles situés ou destinés à garnir et à orner des pièces ou un logement, sans en faire partie.	Forme courte de mobilier urbain quand le contexte est clair.	
étranger	Relatif à ce qui vient de l'extérieur.	Relatif à ce qui vient d'un autre pays.	Qui n'est pas partie prenante.	Qui n'a aucune notion ou est indifférent.	Ne pas faire partie d'un groupe social.	Qui a cessé d'avoir des rapports avec une personne.	Qui n'a aucun rapport avec le sujet du discours.	Personne en provenance (ou ayant une identité officielle) d'une ville, d'une région ou d'un pays différent.	Personne qui n'appartient pas à une famille, un groupe social …	Ensemble des villes et des pays différents de celui du locuteur.	Faire éloigner d'un lieu, désaccoutumer d'y venir, en parlant d'animaux.	
chat	Individu mâle de cet animal.	Jeu Jeu d'enfants où un des participants doit toucher un de ses camarades qui devient le "chat" à son tour comme dans le jeu du loup.	instrument de guerre médiéval Sorte de couloir couvert servant d'abri à un bélier ainsi qu'à ses utilisateurs, recouvert de peaux humides afin de limiter les incendies. Appelé communément chat-château.	Clavardage, communication textuelle directe via Internet.	Un site internet ou la partie d'un site où on peut discuter en direct.	
blog	
sujet	Soumis par la conquête.	Astreint à quelque nécessité inévitable.	Accoutumé de faire quelque chose, porté par inclination, habitué.	Exposé à éprouver fréquemment certains accidents.	Thème d'un discours oral ou écrit.	Questions écrites posées dans le cadre d'un examen scolaire ; voir aussi énoncé.	
au	
B	
corps	Portion de matière qui forme un tout individuel et distinct.	Partie matérielle de l'homme ou d'un animal ou de tout être animé. Dans ce sens, il s'oppose à esprit, âme.	Partie de l'homme qui est entre le cou et les hanches.	Personne sujette à être emprisonnées par ordre de justice.	Christianisme Eucharistie, cadavre métaphorique du Christ.	Partie principale d'un objet, le cœur, le centre.	Numismatique Figure qui est représentée sur une devise, par opposition aux paroles qui accompagnent cette figure et qu'on nomme l'âme de la devise.	Consistance de certains objets qui sont minces et flexibles.	Consistance des choses liquides qu'on fait cuire ou épaissir par le feu ou autrement.	Force, vigueur de certains vins, de certaines liqueurs.	Partie de l'armée, troupe importante.	Réunion, ensemble de ceux qui appartiennent à certaines armes spéciales.	Corpus, recueil, assemblage de plusieurs pièces, de plusieurs ouvrages de divers auteurs, en un ou plusieurs tomes.	Corps de doctrine, réunion de principes qui forment un système.	
gouvernement	Pouvoir qui gouverne un État.	Organisation, structure politique de l'État.	Ceux qui gouvernent un état et particulièrement le pouvoir exécutif.	
de	Marque un ablatif. Mot indiquant la provenance.	Particule dans les noms de famille.	Indique la possession.	Indique une association.	Utilisé dans certaines locutions d'origine latine, comme de facto.	Indique une absence.	
généralement	D'une manière générale, la plupart du temps.	
an	Temps que met la Terre à accomplir une révolution autour du Soleil et qui se divise en douze mois. Année.	Le temps qui passe.	
chose	Permet de désigner un objet, une idée, un concept ou une abstraction quelconque, sans avoir à l'identifier ou à le nommer. Une chose est ce qui existe mais qui est indéterminé, objet ou idée, ou qu'il n'est pas nécessaire de préciser. La signification du mot chose se déduit par la manière dont on l'emploie dans la phrase, où il remplace ce qu'il n'est pas possible (ou pas souhaitable) de nommer. Peut aussi remplacer un ensemble d'objets inanimés (ou d'idées) qu'on devine par le contexte.	Rappelle un mot, une idée, un évenement, ou une énumération dont on parle ou dont on vient de parler ou dont l'on va parler.	Désigne un concept, une idée, ce qui a été, est, ou sera dit ou fait.	Désigne des événements (voire des forces) qui dépassent l'entendement et que des mots ne sauraient retranscrire.	Dans des expressions.	Il est quelquefois opposé à « personne ».	Il s'oppose de même à « nom, mot », etc., et signifie alors « ce qui est réel ».	S'emploie souvent comme nom composé indéfini et alors il est toujours masculin.	Quand l'adjectif qui suit quelque chose n'est pas précédé d'un pronom relatif, il doit l'être de la préposition de.	Parfois péjoratif Employé comme nom propre, manière de désigner quelqu'un dont on a oublié le nom ou dont on veut ostensiblement ne pas faire de cas.	
région	Vaste territoire, étendue de pays.	Ensemble de territoires qui tous présentent certains caractères communs : identité ou analogie du climat, ou mêmes productions du sol, ou mêmes formes de l'activité humaine, etc.	Territoire alentour.	Administration Circonscription territoriale, comprenant plusieurs départements.	Savoir Degré où l'on s'élève, terrain.	
nommer	Attribuer, imposer un nom à une personne ou une chose.	Qualifier, décerner une épithète.	Dire le nom d'une personne, d'une chose; dire comment une personne, une chose s'appelle.	Désigner, Énumérer.	Désigner, choisir, instituer pour une fonction, un poste.	Élire.	Appeler, avoir pour nom.	Déclarer son nom.	
animal	Être organisé, doué de sensibilité et de mouvement.	Être animé privé de langage.	Qui a trait aux animaux.	Se dit quelquefois de ce qui en nous est matériel ou physique.	
a priori	En se basant sur un point de vue sans expérience, sans connaissance du sujet, ni même son étude ou une réflexion sur tous les aspects de celui-ci.	
indéfini	Dont la fin, les bornes sont indéterminés ou ne peuvent pas être déterminées.	: Temps indéfini. - Nombre indéfini. - Ligne indéfinie. - Espace indéfini.	parfois Qui n'est pas défini dans sa nature.	Ce qui est indéterminé dans ses limites.	
calculateur	Celui, celle qui s'occupe de calcul.	
terme	Somme due au bout du terme.	Expression d'une idée, mot, expression ou phrase.	Tournure,  façon de parler qui est particulière à chaque art, à chaque science.	Première personne du singulier de l'indicatif présent du verbe termer.	Troisième personne du singulier de l'indicatif présent du verbe termer.	Première personne du singulier du subjonctif présent du verbe termer.	Troisième personne du singulier du subjonctif présent du verbe termer.	Deuxième personne du singulier de l'impératif du verbe termer.	
rédemption	Théologie chrétienne Le rachat du genre humain par Jésus-Christ.	
tu	Pronom personnel sujet de la deuxième personne du singulier. Il désigne la personne à qui l'on parle, et peut être aussi bien masculin que féminin. C'est un pronom conjoint ; cela signifie qu'il se trouve toujours à proximité du verbe dont il ne peut être séparé que par un autre pronom conjoint ou par la particule négative.	Participe passé du verbe taire.	
phrase	Première personne du singulier de l'indicatif présent du verbe phraser.	Troisième personne du singulier de l'indicatif présent du verbe phraser.	Première personne du singulier du subjonctif présent du verbe phraser.	Troisième personne du singulier du subjonctif présent du verbe phraser.	Deuxième personne du singulier de l'impératif du verbe phraser.	
homonyme	Mot identique par la prononciation et/ou par la graphie, mais de sens différent. Il s'agit d'un homographe et/ou d'un homophone.	Qui s'écrit et/ou se prononce de façon identique, mais diffère par le sens. Dans le premier cas, on parle d'homographe, dans le second, d'homophone.	
aimer	Ressentir un fort sentiment d'attirance pour quelqu'un ou quelque chose.	Se dit également en parlant des choses physiques ou morales.	S'emploie absolument.	Avoir un goût plus ou moins vif pour certaines personnes, pour certains animaux, pour certaines choses.	
uns	Masculin pluriel de un.	
énergie	Force en action.	Vigueur de caractère , fermeté dans l'action.	Secteur industriel qui produit de l'énergie pour les besoins de l'économie.	Production de ce secteur.	
électrique	Qui se rapporte à l'électricité, qui utilise l'énergie électrique.	Se dit d'une personne extrêmement énergique.	La couleur de certaines manifestation de l'électricité.	
électricité	Une des manifestations physiques de l'électromagnétisme, déplacement de particules chargées.	Forme d'énergie très utilisée depuis le XIXe siècle.	
chas	Trou d'une aiguille par lequel on passe le fil.	Maçonnerie Petite plaque de métal percée d'un trou par où passe le fil à plomb des maçons.	
maçon	Ouvrier qui fait tous les ouvrages où il entre de la pierre, de la brique, du mortier, de la chaux dans le gros œuvre.	Franc-maçon.	
charpentier	Artisan qui fait des travaux d'assemblage de pièces de bois ou de métal servant de charpente à une construction.	Relatif à la charpente, au charpentier.	
jeu	Divertissement, activité avec des règles, pouvant être exercé seul, ou en groupe, pour s'amuser.	Façon de jouer, de mener une partie, d'exécuter quelque chose.	Un ensemble de choses qui vont ensemble, de même type.	Mouvement non désiré entre deux pièces, amplitude trop grande entre elles, serrage ou tension trop lâche.	Liberté de mouvement acceptable ou normale dans un mécanisme ou un montage.	Concours, loterie pour des événements promotionnels.	Matériel servant à jouer, constitutif de l'activité ludique en question.	
gamin	Il se dit familièrement d'un enfant espiègle et hardi, petit garçon ou petite fille.	Une jeune femme de la rue.	Adjectivement,	
avéré	Qui est connu, vérifié, vrai.	Participe passé masculin singulier du verbe avérer.	
gamine	Féminin singulier de gamin.	Féminin singulier de gamin.	Première personne du singulier de l'indicatif présent du verbe gaminer.	Troisième personne du singulier de l'indicatif présent du verbe gaminer.	Première personne du singulier du subjonctif présent du verbe gaminer.	Troisième personne du singulier du subjonctif présent du verbe gaminer.	Deuxième personne du singulier de l'impératif du verbe gaminer.	
mots	Pluriel de mot.	
system	Voyez star system.	
système	Ensemble d'éléments, de concepts articulés dans une structure.	Plan qu'on se fait et des moyens qu'on se propose d'employer pour réussir en quelque chose.	Ellipse de système d'exploitation.	Ellipse de système informatique, ensemble structuré des composants logiciels, matériels et des données, permettant d'automatiser tout ou partie du système d'information.	
grec	Langue vivante utilisée aujourd'hui en Grèce et à Chypre.	Relatif à la Grèce ou à la langue grecque.	
singulier	Qui est différent ou particulier, qui ne ressemble pas aux autres.	Qui est rare, excellent.	Qui est extraordinaire; se dit pour marquer (en bien ou en mal) son étonnement de quelque chose.	
à	Introduit un complément circonstanciel de lieu (avec déplacement vers l'endroit cité).	Introduit un complément circonstanciel de lieu (avec déplacement de l'endroit cité).	Introduit un complément circonstanciel de lieu (sans déplacement).	Introduit un complément circonstanciel de temps.	Introduit un complément circonstanciel de manière.	Introduit un complément circonstanciel montrant la façon.	Introduit un complément circonstanciel de moyen, et peut se remplacer par "au moyen de".	Introduit un complément circonstanciel d'accompagnement, et peut se remplacer par "avec".	Introduit un complément circonstanciel d'opposition, et peut se remplacer par "contre".	Suivi d'un nom de nombre, indique une action faite conjointement par deux ou plusieurs personnes.	Introduit un complément d'attribution.	Introduit un complément d'objet indirect.	Introduit un complément de nom indiquant la destination ou l'usage.	Introduit un complément de nom signifiant "au prix de".	Introduit un complément de nom signifiant "après".	Introduit une locution adverbiale, comme synonyme de "selon", "suivant".	Introduit des locutions adverbiales formées d'un infinitif.	Introduit des locutions adverbiales pour compléter un nom ou un adjectif.	Lorsqu'il est placé devant le pronom relatif qui, sert à former des locutions elliptiques qui expriment une sorte de rivalité, de concurrence.	Il s'emploie quelquefois quand on veut exprimer un nombre approximatif.	Dans certaines phrases elliptiques,  marque la consécration ou le renvoi à une personne.	S'emploie dans quelques locutions elliptiques servant à désigner par son enseigne un hôtel ou un magasin.	Dans l'expression avoir à, signifie parfois devoir.	Avec certains verbes, forme une ellipse de quelque chose à.	Jusqu'à.	Introduit des locutions diverses.	
irrégulier	Qui n'est pas selon les règles, qui ne suit pas les règles.	Droit canon  Qui, après avoir reçu les ordres ecclésiastiques, devient incapable d'en exercer les fonctions, pour avoir encouru les censures.	Qui n'est pas symétrique ou uniforme.	poésie Qualifie les vers qui ne sont pas tous de même mesure et dont les rimes ne sont pas disposées de la même manière.	
L	Douzième lettre de l'alphabet (majuscule).	
il	Pronom de la troisième personne du singulier masculin (utilisé exclusivement en tant que sujet).	Désigne une personne, un animal ou une chose (dont le genre est masculin) :	:Il est le plus intelligent.	: Qu'est-ce qu'il veut ?	: Le journal ? Il est sur le bureau.	Sujet explétif.	: Il neige.	: Il faut marcher plus vite pour arriver au sommet.	
C	
D	
E	Abréviation courante du point cardinal est .	
mon	Le possesseur est le locuteur, ce qu'il possède est au masculin singulier.	Par euphonie, le mot suivant est au féminin et commence par une voyelle.	Le mot suivant est au féminin et commence par un h muet.	On s'en sert, familièrement, pour exprimer des rapports d'habitude, de connaissance, etc.	Forme supplétive de ma (utilisée quand la chose possédée est au féminin) pour effectuer une liaison obligatoire avec le mot suivant.	Insigne héraldique japonais.	
ton	Deuxième personne du singulier, masculin.	Forme supplétive de ta (utilisée quand la chose possédée est au féminin) pour effectuer une liaison obligatoire avec le mot suivant qui commence par une voyelle ou un h non aspiré.	Son d'une certaine fréquence.	Qualité de la voix.	Manière de s'exprimer.	Niveau de luminosité d'une couleur de base.	
son	Troisième personne du sujet, objet masculin singulier.	Joint aux verbes « sentir, faire » dans le langage familier, il renforce le sens de la phrase.	Forme supplétive de sa (utilisée quand la chose possédée est au féminin) pour effectuer une liaison obligatoire avec le mot suivant qui commence par une voyelle ou un h non aspiré.	Quelque chose que l'on peut écouter, entendre.	Résidu de la mouture du blé et d'autres céréales, provenant du péricarpe des grains.	Déchets de bois produits lorsque l'on scie.	
astrométrie	
astronomie	Science de l'étude des astres et du ciel.	
entropie	
ma	Déterminant au féminin singulier indiquant la possession de celui qui parle.	
mes	Qui sont à moi (première personne du singulier), dans le cas d'un seul possesseur et de plusieurs objets.	
ta	Déterminant marquant la possession d'un objet (de genre féminin) appartenant à celui (de nombre singulier) à qui l'on parle.	
tes	Déterminant marquant la possession de plusieurs objets (ou la relation à plusieurs objets inanimés ou non) appartenant à celui à qui on parle.	
sa	Déterminant utilisé pour rendre l'idée de possession d'un objet ayant un rapport avec la personne dont on parle.	
ses	Pluriel du pronom possessif son. Qui sont à lui ou à elle. Un seul possesseur et plusieurs objets.	
cheval	Grand mammifère de la famille des Équidés domestiqué par l'homme, utilisé notamment comme monture, bête de trait ou de somme.	Appareil gymnique, utilisé pour deux agrès différents : le cheval d'arçons et le saut de cheval.	
chevaux	Pluriel de cheval.	
notre	Première personne du pluriel au singulier. Qui nous appartient. Plusieurs possesseurs  (dont l'un est le locuteur) et un seul objet.	Se disait autrefois par le roi au lieu de « mon, ma » et se dit encore par les évêques dans leur mandements et par les juges.	S'emploie d'une manière indéterminée pour rappeler une personne dont on a déjà parlé.	
nos	Première personne du pluriel. Qui sont à nous. Plusieurs possesseurs et plusieurs objets.	Abréviation de numéros.	
votre	Deuxième personne du pluriel au singulier. Qui est à vous. Plusieurs possesseurs et un seul objet ou un possesseur, à qui on s'adresse poliment, et un seul objet.	
vos	Qui sont à vous, qui vous appartiennent. Deuxième personne du pluriel. Plusieurs possesseurs et plusieurs objets, ou un seul possesseur (forme de politesse) et plusieurs objets.	
leur	Troisième personne du pluriel au singulier. Qui est à eux ou à elles. Plusieurs possesseurs et un seul objet.	Pronom de la troisième personne du pluriel. À eux ou à elles. Il s'emploie toujours comme complément d'attribution.	
pomme	Tout objet en forme de pomme.	Partie d'un arrosoir, souvent amovible, par laquelle l'eau s'échappe en pluie.	Partie d'une douche, percée et arrondie, fixée au bout d'un flexible de douche, pour se laver.	Fruit de plusieurs végétaux.	Fruit interdit du paradis terrestre.	De la couleur vert vif de la pomme granny.	Première personne du singulier de l'indicatif présent du verbe pommer.	Troisième personne du singulier de l'indicatif présent du verbe pommer.	Première personne du singulier du subjonctif présent du verbe pommer.	Troisième personne du singulier du subjonctif présent du verbe pommer.	Deuxième personne du singulier de l'impératif du verbe pommer.	
pomme de terre	Légume féculent très commun, tubercule de forme plus ou moins sphérique et cabossée, souvent un peu allongée.	
aucun	
ouf	Signifie le soulagement, après avoir subi une épreuve difficile ou désagréable.	
aïe	Cri exprimant la douleur.	Cri lancé lorsqu'un événement met quelqu'un dans un état d'inquiétude.	
argot	Langage de convention utilisé à l'origine par les voleurs, les malfaiteurs.	Langage populaire, non-académique.	
slang	Argot anglophone.	
oh	Marque l'étonnement,  la surprise.	Marque la déception.	
aulx	Pluriel de ail.	
homme	Être humain mâle ; par opposition à la femme.	Personne, être humain, homme ou femme ; l'espèce humaine dans son ensemble. (Aussi écrit « l'Homme » avec une majuscule.)	Celui qui est parvenu à l'âge de virilité, à l'âge adulte.	Individu, quidam.	Représentant, émissaire politique ou économique de quelqu'un ou d'un parti.	
futur	Qui concerne l'avenir, qui se produira dans l'avenir.	Période constituée des évènements à venir. Ce qui sera.	Ellipse de futur époux.	
bar	Débit de boissons où les consommateurs sont debout ou assis sur des sièges hauts devant un comptoir.	Meuble qui sépare le serveur des clients, et sur lequel sont posées les consommations.	
barre	Pièce de bois, de métal, etc., étroite et longue.	Pièce de fer longue et carrée, qui se pose, dans le foyer, en travers des chenets, pour soutenir les bûches et les tisons.	Pièce de bois transversale qui serre et soutient les fonds d'un tonneau par le milieu.	Longues pièces de bois rondes qu'on suspend horizontalement à deux cordes, pour séparer les chevaux, dans les écuries.	Exercices que l'on fait ordinairement faire aux enfants pour leur apprendre l'écriture et qui consistent en une suite de traits droits et parallèles.	Vague élevée transversale qui remonte violemment contre le courant par l'effet de la marée, aussi appelée mascaret.	Du verbe barrer.	
italien	Relatif à l'Italie, à ses habitants et à leur culture.	Relatif à l'italien, la langue.	
là	Sert à désigner un endroit autre que celui où l'on est.	:Note : On le remplace souvent par là-bas quand il s'agit d'un lieu plus ou moins éloigné.	Avec un trait d'union "-là", employé après celui, celle, ceux, celles et après ce (voir le détail à chacun de ces mots).	S'oppose encore à « ici » pour distinguer deux endroits, sans idée précise de proximité ou d'éloignement.	Par analogie, il désigne une période de temps autre que celle où l'on est.	S'emploie par une sorte de redondance et pour donner plus de force au discours.	
unes	Pluriel de une (de journal).	Féminin pluriel de un (élément d'un groupe).	
ont	Troisième personne du pluriel de l'indicatif présent du verbe avoir.	
avoir	Posséder, avoir la jouissance de quelque chose.	Se procurer, obtenir quelque chose.	Auxiliaire pour les temps composés.	Ensemble des biens et richesses appartenant à un individu ou à une personne morale.	Somme d'argent à dépenser dans un établissement commercial où l'on est créditeur, bon d'achat.	
pluriel	Mot qui est au pluriel.	Relatif à plusieurs entités différentes.	
marché	Groupement ponctuel de vendeurs indépendants.	Lieu et moment dans lesquels se déroule le marché.	Concept pour parler de produits sur lesquels il existe une offre et une demande.	Participe passé masculin singulier de marcher.	
catalan	
breton	Relatif à Bretagne, commune française située dans le département de l'Indre.	Relatif à Bretagne-de-Marsan, commune française située dans le département des Landes.	Relatif à Bretagne-d'Armagnac, commune française située dans le département du Gers.	
utiliser	Tirer de l'utilité de, tirer parti de.	Rendre quelque chose utile ou s'en servir dans un but précis.	
en	Utilisé après certains verbes.	Permet de préciser une matière.	Permet de préciser un thème.	Permet de préciser une couleur.	Permet de préciser un moyen de transport. Note : Traditionnellement, on utilise en pour des moyens de transport dans lesquels on se trouve (en voiture, par exemple), et à pour ceux qu'on enfourche, sur le modèle de à cheval. Mais il semble y avoir une tendance à la simplification, par l'utilisation de en pour tous les moyens de transport mécaniques (on dit maintenant en vélo aussi bien que à vélo). Cela peut expliquer que, pour des noms récents comme VTT, on emploie toujours en.	Devant une année.	Forme un gérondif avec un participe présent.	Remplace à la ou à l' du locatif du nom d'un pays ou d'un continent. Cet usage est parallèle à la suppression de l'article dans de la ou de l' de l'ablatif correspondant. Il y a d'autres noms qui suivent cette règle, comme les noms des saisons.	De cela.	De ce lieu.	
mandarin	Haut fonctionnaire en Extrême-Orient.	Canard mandarin, canard caractérisé par son plumage bigarré.	Langue officielle de la Chine et de Taïwan et l'une des quatre de Singapour.	Relatif aux mandarins, à leurs uniformes colorés et richement brodés.	
relatif	Qui a quelque relation, quelque rapport.	Qui n'est tel que par rapport à une autre chose (antonyme : absolu).	
pays	Territoire d'une nation.	Province natale.	Zone géographique, du point de vue du climat, de la fertilité, etc.	Contrée, région, terre productrice.	Personne originaire de la même région qu'une autre, compatriote.	Souvent employé dans le milieu du compagnonnage pour appeler un autre compagnon.	
mois	Chacune des douze parties de l'année, dont chacune contient trente ou trente et un jours, excepté la seconde (février), qui est de vingt-huit jours dans les années ordinaires, et de vingt-neuf dans les années bissextiles.	Espace de temps qui s'écoule depuis un jour quelconque jusqu'au quantième correspondant du mois suivant. Espace de trente jours environ.	Mensualité en parlant de location, de leçons, de travail, etc.	
synonyme	Qui a le même sens qu'un autre mot ou une signification presque semblable.	Mot qui a le même sens qu'un autre mot.	Au pluriel, titre de certains ouvrages en forme de dictionnaire, dans lesquels la différence des synonymes est expliquée.	
latin	Qui s'exprime dans cette langue.	Qui a certaines caractéristiques des habitants du Latium, des anciens Romains et, par extension, des peuples qu'ils ont longtemps et durablement colonisés et influencés.	Qui a pour origine la langue latine qui a l'origine, parlait le latin.	Langue indoeuropéenne dont sont originaires les langues romanes.	Alphabet utilisé par ces langues.	
eau	Liquide transparent, incolore, inodore et insipide à l'état pur qui est le principal constituant des lacs, rivières, mers et océans.	Fluides, sérosités qui se trouvent ou qui se forment dans le corps de l'homme ou de l'animal.	Salive, dans l'expression :	: L'eau vient à la bouche.	:Elle vient de perdre les eaux !	Sueur.	: Il s'est échauffé à courir, il est tout en eau.	Liqueur artificielle, obtenue, extraite de quelque substance par distillation, décoction, ou expression, ou composée de différentes substances. Certains produits, de certaines préparations chimiques.	Couleur vert pâle et doux.	Lustre, brillant qu'ont les perles, les diamants et quelques autres pierreries.	Un des quatre éléments (Eau, Air, Terre, Feu) constitutifs de l'Univers selon Aristote.	Un des cinq éléments du cosmos selon la pensée chinoise : métal, bois, eau, feu, terre.	Un des cinq éléments du cosmos selon la pensée Wicca : eau, air, terre, feu, esprit.	
but	Objectif.	Point que l'on vise.	Du verbe boire.	
elle	Pronom de la troisième personne du singulier féminin sujet.	Pronom tonique de la troisième personne du singulier féminin.	
traduire	Faire la translation d'un texte ou de paroles ou de tout document depuis une langue vers une autre langue.	
espéranto	
éclairci	Rendu plus clair.	Du verbe éclaircir.	
pas	Le mouvement que fait une personne ou un animal en mettant un pied devant l'autre pour marcher.	Armée Différentes manières de marcher réglées pour les troupes.	Équitation Allure la moins rapide du cheval.	Empreinte, marque que laisse le pied d'une personne ou d'un animal.	Préséance, droit de marcher le premier.	Passage étroit ou passe difficile dans une vallée, dans une montagne, etc.	Seuil, marches qui sont au-devant d'une entrée.	Négation d'un verbe utilisée avec ne. On omet souvent ne dans le langage courant.	Négation d'un adjectif épithète. Non.	
quintal	
nous	Pronom de la première personne du pluriel, représentant le locuteur ainsi que d'autres personnes au nom de qui il parle.	
finir	Achever, terminer, arriver à échéance, cesser, finaliser.	Être la fin, le terme de quelque chose.	Terminer l'action indiquée par le verbe à l'infinitif.	Cesser des choses trop longues, ennuyeuses, désagréables ou intolérables.	Prendre fin, arriver à son terme.	Avoir une certaine fin, une certaine issue, arriver à un certain résultat.	Suivi de « par » et d'un infinitif il indique que l'action est le terme ou le résultat de ce qui a précédé.	
bienvenue	Formule de bienveillance ou de civilité dont on se sert à l'égard d'une personne qui arrive.	Heureuse arrivée de quelqu'un.	Cérémonie d'accueil pour les nouveaux membres d'une communauté.	Féminin de bienvenu.	
éclaircie	Endroit clair qui paraît au ciel en temps de brume ou entre des nuages.	Eaux et forêts Parties d'un bois moins touffues ou systématiquement découvertes.	Féminin singulier de éclairci.	Participe passé féminin singulier de éclaircir.	
auparavant	Avant, en parlant d'une priorité de temps.	
néanmoins	Malgré cela, en dépit de cela.	
réseau	Ensemble d'objets ou de personnes connectés ou maintenus en liaison.	Ensemble des liaisons ainsi établies.	Il se dit spécialement d'un ouvrage de fil, de soie, de fil d'or ou d'argent, fait par petites mailles, en forme de filet.	(géologie, cristallographie, cartographie, bâtiment, géodésie) Figure géométrique, maillage.	optique les réseaux permettent, par interférence, de réaliser des filtres, par exemple : réseau de diffraction, réseau de Fraunhofer, réseau de Bragg (utilisés dans les systèmes WDM et pour l'analyse spectroscopique par dispersion de longueur d'onde).	En termes de ponts et chaussées, ensemble des voies.	
logiciel	Qui concerne les aspects logiques d'un ordinateur ou d'un système de traitement de l'information, par opposition aux aspects matériels.	Ensemble de programmes, procédés et règles d'un système de traitement informatique des données.	Programme informatique.	
voiture	Moyen de transport consistant en une caisse montée sur des roues.	Du verbe voiturer.	
enfant	Garçon ou fille qui n'a pas encore atteint l'adolescence.	S'emploie aussi en termes d'amitié et de familiarité.	Fils ou  fille, de tout âge, par relation au père et à la mère, ou à l'un des deux seulement.	Et pour exprimer toutes les générations.	Qui a le caractère d'un enfant.	Qui a pratiquement l'age d'un enfant.	
dix	Le nombre 10. Un objet numéroté 10.	Le chiffre 10.	Le dixième jour du mois.	Nombre indéterminé très grand. Employé familièrement pour marquer l'exagération.	Adjectif numéral cardinal correspondant au nombre 10. Placé devant un syntagme nominal.	Adjectif numéral ordinal, dixième. Placé après un syntagme nominal.	
vingt	Le nombre 20.	Deux fois dix. Pour le pluriel de vingt, voir quatre-vingts.	S'emploie aussi comme adjectif numéral ordinal pour vingtième.	Beaucoup, nombre indéterminé.	
trente	Le nombre 30, un objet numéroté 30.	Le trentième jour du mois.	Adjectif numéral cardinal.	Adjectif numéral ordinal, trentième.	
quinze	Le nombre 15. Un objet numéroté 15.	Équipe de rugby à quinze joueurs.	Adjectif numéral cardinal correspondant au nombre 15.	Est aussi adjectif numéral ordinal et signifie Quinzième.	
blanc	Couleur.	Silence au cours d'une conversation.	Espace vide, sur une feuille de papier, sur un formulaire réservé pour être rempli plus tard ou intervalle sur une page.	Chair cuite de la poitrine de certains oiseaux.	Colorants de couleur blanche.	Albumen, ellipse de blanc d'œuf.	Homme dont la peau est claire, par opposition à noir, jaune, peau-rouge, etc.	De la couleur blanche, la moins colorée qui soit.	Très peu coloré, ou moins coloré que, en parlant de choses qui ne sont pas tout à fait blanches (1), pour les distinguer de celles de même espèce qui le sont moins, ou qui sont d'une autre couleur.	Qui appartient à une race indo-européenne.	
rouge	De la couleur du sang, du coquelicot, de la fraise, etc., c'est-à-dire d'une couleur de longueur d'onde comprise entre 625 et 740 nm.	Dont l'idéologie est symbolisée par un drapeau rouge, comme le communisme, l'extrême gauche, etc.	Avec colère.	Couleur rouge.	Il est employé substantivement et au singulier dans les cas où il est suivi d'un autre adjectif ou d'un complément qui indique la nuance exacte.	Exprime un afflux de sang.	Se dit aussi de certaines substances minérales ou végétales qu'on emploie à divers usages et qui sont de couleur rouge.	fard rouge.	
jaune	Désigne une couleur du spectre située entre le vert et l'orange.	Syndicats jaunes : syndicats créés en 1899 contre les syndicats « rouges ». Ils refusent certains modes d'action comme la grève et l'affrontement contre le patronat.	La couleur jaune.	Lors d'une grève, travailleur qui refuse d'y participer.	Je te sers un jaune ?	
Hongrois	
Hongrie	Pays d'Europe, entouré par l'Autriche, la Slovaquie, l'Ukraine, la Roumanie, la Serbie, la Croatie et la Slovénie.	
cinq	Le nombre 5. Un objet numéroté 5.	Le chiffre 5.	Adjectif numéral cardinal.	Cinquième.	On dit de même, par ellipse du mot jour.	
lui	Pronom de la troisième personne du singulier du complément d'objet indirect.	Pronom tonique de la troisième personne du singulier masculin.	
cardinal	Qui est principal, essentiel.	Boisson Kir composé de 1/5 de crème de cassis et de 4/5 de vin rouge frais.	Oiseau d'une famille connue sous le nom scientifique de cardinalinés ou Cardinalinae.	Couleur rouge soutenue. Origine issue de la robe des cardinaux.	
ordinal	Un nombre ordinal indique une position.	Qui concerne un ordre professionnel	Nombre ordinal	Ouvrage utilisé lors des cérémonies d'ordination de l'Église anglicane.	
premier	Adjectif numéral ordinal correspondant au nombre 1.	Qui précède tous les autres par rapport au temps, au lieu, à l'ordre, à la dignité, etc.	Indique que ce dont on parle passe devant, vient en avant.	Il signifie aussi le meilleur, le plus considérable.	Il se dit aussi des choses indispensables, nécessaires avant tout.	Qui avait été auparavant, qu'on avait déjà eu.	Il se dit aussi du commencement, de l'ébauche de certaines choses.	Est aussi un titre d'honneur attaché à certaines charges, à certaines places.	Se dit absolument de celui qui précède tous les autres.	Premier étage d'une maison.	Première syllabe du mot qui fait le sujet d'une charade.	Le premier se dit, en Angleterre, du premier ministre.	
lentement	De manière lente, peu rapide.	
voire	Et même, et aussi. Voire même est très fréquent mais son emploi est souvent considéré comme un pléonasme.	
dorénavant	À l'avenir, à partir du moment actuel.	
dopage	Utilisation de drogue, de médicament ou intervention biologique, prohibées ou non, dans le but d'améliorer une performance physique, intellectuelle, psychique…..	
malveillant	Porté à vouloir, à souhaiter du mal à autrui.	Qui a de la malveillance.	Par substantivation de l'adjectif Personne malveillante.	
malsain	Qui n'est pas sain, qui a en soi le germe de quelque maladie.	Nuisible à la santé physique ou morale.	Qui est caractérisé par sa négativité morbide.	
pareil	Pour signifier une chose identique.	On dit aussi substantivement, le même traitement qu'on a reçu de quelqu'un ou qu'on a fait subir à quelqu'un.	Par extension, s'utilise pour désigner un accord, voire une affirmation.	Qui présente une forte ressemblance ou similitude, est égal, semblable, en parlant de deux personnes ou de deux choses.	Tel, de cette nature, de cette espèce.	
fatwa	
gestion	Action et effet de gérer, d'administrer.	
discipline	Méthode d'instruction et d'éducation.	Tel ou tel régime d'instruction et d'éducation.	Matière d'enseignement.	Règle de conduite commune à tous ceux qui font partie d'un corps, d'un ordre, etc.	Ensemble de technique définissant un métier, un sport.	Fouet de cordelettes ou de petites chaînes dont se servent quelquefois encore certains dévots, et surtout des religieux, pour se mortifier, ou pour châtier ceux qui sont sous leur conduite.	Coups de discipline.	Première personne du singulier de l'indicatif présent du verbe discipliner.	Troisième personne du singulier de l'indicatif présent du verbe discipliner.	Première personne du singulier du subjonctif présent du verbe discipliner.	Troisième personne du singulier du subjonctif présent du verbe discipliner.	Deuxième personne du singulier de l'impératif du verbe discipliner.	
énoncer	Exprimer par des paroles ou par écrit.	
fournir	Pourvoir, approvisionner.	Livrer, procurer, faire avoir.	hippologie Parcourir l'espace de dressage	Subvenir, contribuer en tout ou en partie.	
apprivoiser	Rendre un animal moins sauvage.	Faire d'un animal sauvage un animal privé.	Devenir moins sauvage (animal).	
domestiquer	Apprivoiser des animaux sauvages, les rendre domestiques.	
rendre	Remettre une chose entre les mains de celui à qui elle appartient, de quelque manière qu'on l'ait eue.	Faire recouvrer certaines choses dont on était privé, qu'on avait perdues, comme la santé, les forces du corps, etc.	Faire rentrer ,des personnes, en possession d'une chose dont elles étaient privées, ou à laquelle elles avaient renoncé.	Donner en échange, payer de retour, soit en bien, soit en mal.	Donner l'effet recherché.	Exprimer, représenter.	Traduire.	Répéter.	Rejeter, par les voies naturelles ou autrement, en parlant du corps, vomir.	Livrer, céder.	Faire devenir; être cause qu'une personne, qu'une chose devient ce qu'elle n'était pas auparavant.	Devenir, avec ou sans intention, mais par son propre fait.	Céder, se mettre au pouvoir de quelqu'un, se soumettre.	Se diriger vers, aboutir.	
échange	Acte par lequel on abandonne une chose à quelqu'un pour en recevoir une autre en contrepartie.	Remise, communication ou envoi réciproque, surtout dans le langage diplomatique.	Du verbe échanger.	
extérieur	Qui n'est pas dans un espace, dans un domaine, dans une thématique donnés.	Qui n'est pas dans un bâtiment. À l'air libre.	Situé plus près d'une extrémité.	Hors du pays.	Ce qui est extérieur.	
au-delà	
seuil	Pièce de bois ou dalle de pierre qui est au bas de l'ouverture d'une porte et sur laquelle cette porte affleure.	Entrée d'une maison.	Valeur limite.	
maison	Bâtiment servant de logis, d'habitation, de demeure.	Ménage, foyer, tout ce qui a rapport aux affaires domestiques.	Maisonnée, famille.	Entreprise, fond de commerce, artisan.	Astrologie Fuseaux par lesquels les astrologues divisent le ciel afin d'établir un thème astral au moment de la naissance de quelqu'un.	Fait à la maison.	
grand	De hauteur importante.	Qui a grandi.	Chose de taille, volume, etc. importante. Par comparaison des petites choses aux grandes.	Personne plus âgée.	Qui est au-dessus des autres par sa naissance, son pouvoir, sa dignité.	Vaste plan, vue générale et complète.	Grandement, largement.	
chatteries	Caresses.	Friandises.	Féminin pluriel de chatterie.	
chaton	Bijouterie Partie d'un bijou , surtout une bague, dans laquelle une pierre précieuse est enchâssée.	
ronronner	Faire entendre les ronrons, émettre un ronflement sourd et continu, en parlant d'un chat ou d'un félin, qui exprime en général son contentement.	
foyer	Âtre, lieu où se fait le feu.	
feu	Dégagement d'énergie calorifique et lumineuse produite par une combustion. Un des quatre éléments des anciens.	Source de chaleur pour la transformation des aliments.	Appareil de cuisson des aliments, cuisinière.	Athlétisme Ellipse de « coup de feu », signal sonore qui donne le départ d'une course.	De la couleur des braises, rouge vif à rouge orangé.	Qui est mort depuis un certain temps.	À l'attaque, tirez. Ordre habituellement donné par un commandant pour commencer le feu (combat).	
déploiement	Action de déployer ou état de ce qui est déployé.	
acronyme	Sigle qui peut être prononcé comme un mot ordinaire.	
sigle	Initiale servant d'abréviation, dans un manuscrit ancien, sur une pièce de monnaie, etc.	Groupe des lettres généralement initiales, constituant l'abréviation d'un groupe de mots désignant par exemple une institution ou un projet.	Exemples :	Première personne du singulier de l'indicatif présent du verbe sigler.	Troisième personne du singulier de l'indicatif présent du verbe sigler.	Première personne du singulier du subjonctif présent du verbe sigler.	Troisième personne du singulier du subjonctif présent du verbe sigler.	Deuxième personne du singulier de l'impératif du verbe sigler.	
programmation	Établissement d'un programme.	
contrepartie	
opérateur	Celui qui fait des opérations de chirurgie.	Ouvrier sur machine.	
étendu	Du verbe étendre.	Grand, large, vaste.	
stocker	Conserver en dépôt, entreposer.	Accumuler une quantité suffisante de produit, pour en avoir d'immédiatement disponible, lorsque le besoin apparaîtra.	
alentour	Aux environs.	
turc	En relation avec la Turquie ou la langue turque.	Synonyme de rouge Andrinople.	Langue parlée en Turquie.	
mycélium	
suffragette	Femmes qui militaient pour obtenir le droit de voter.	
prix	Estimation d'une chose, ce qu'elle se vend, ce qu'on l'achète, ce qu'on la paie.	Valeur financière donnée à un objet exprimée en unité monétaire d'un pays.	Joint à la désignation de la récompense, se dit aussi du gagnant ou de l'ouvrage qui a remporté cette récompense.	Châtiment, expiation.	
russe	Langue slave parlée en Russie qui utilise l'alphabet cyrillique.	Relatif à la nationalité russe.	(par extension) De la Russie, relatif à la Russie.	
taureau	Mâle de l'espèce bovine dont la femelle est la vache. Son cri est le mugissement.	
avion	
ballon	Objet de forme sphérique , généralement composée tocard ou pas d'une vessie gonflée d'air et recouverte de cuir ou de plastique et servant à jouer.	Par extension, en Afrique de l'Ouest, le jeu de football. Voir aussi ballon rond.	Grosse balle sphérique formée d'une mince pellicule de caoutchouc gonflée de gaz et qui sert de jouet aux enfants.	Objet servant à stocker.	Aérostat qui s'élève dans l'atmosphère grâce à une grande poche que l'on remplit d'air chaud ou d'un gaz plus léger que l'air.	
éléphant	
garçon	Enfant ou adolescent mâle, par opposition à fille.	Employé subalterne affecté à un service particulier. Celui qui travaille sous les ordres d'un maître, d'un patron ou d'un homme de service dans une administration.	
femme	Être humain de sexe féminin (par opposition à homme), femelle de lHomo sapiens.	Personne adulte de sexe féminin (par opposition à fille, jeune fille, fillette).	Conjointe, épouse, par les liens du mariage.	Celle qui est nubile (en âge de se marier, d'avoir des enfants).	
table	Meuble composé d'un plateau posé sur un ou plusieurs pieds et qui sert à divers usages.	Lame, plaque ou planche de cuivre, d'argent ou de tout autre matériau plate et unie, sur laquelle on peut écrire, graver, peindre, etc.	Index permettant de trouver facilement les matières ou les mots qui sont dans un ouvrage.	Tableau d'informations ordonnées très courantes avant l'invention de la calculette et de l'ordinateur.	Du verbe tabler.	
bateau	Construction, ouvrage flottant, parfois submersible, destiné à la navigation fluviale et maritime, et pouvant transporter des personnes ou des marchandises, souvent muni d'un gouvernail, et propulsé par la force humaine (barque, canoë, …), le vent (bateau à voiles) ou par propulsion mixte ou motorisée.	Partie surbaissée d'une bordure de trottoir destinée à faciliter son franchissement par des véhicules.	Mensonge, mystification.	Sans originalité.	En forme de bateau.	
pages	Pluriel de page.	Deuxième personne du singulier de l'indicatif présent du verbe pager.	Deuxième personne du singulier du subjonctif présent du verbe pager.	
aider	Faciliter l'accomplissement d'une action.	Faciliter l'accomplissement d'une action accomplie par quelqu'un.	Secourir, améliorer la condition de quelqu'un.	Peut aussi s'employer pour des choses.	Utiliser, se servir de.	S'appuyer ensemble.	
aléatoire	Qui se produit par hasard.	
se	Pronom personnel de la troisième personne des deux genres et des deux nombres, utilisé comme complément d'objet d'un verbe transitif direct ou indirect.	Sert de complément d'objet d'un verbe pronominal réfléchi.	Sert de complément d'objet d'un verbe pronominal réciproque.	Sert de complément d'objet d'un verbe pronominal de sens passif.	
page	Face d'une feuille de papier, de parchemin, de vélin, servant à l'écriture ou à l'impression.	Écriture.	Contenu de la page considéré sous le rapport littéraire.	Serviteur au Moyen Âge.	Première personne du singulier de l'indicatif présent du verbe pager.	Troisième personne du singulier de l'indicatif présent du verbe pager.	Première personne du singulier du subjonctif présent du verbe pager.	Troisième personne du singulier du subjonctif présent du verbe pager.	Deuxième personne du singulier de l'impératif du verbe pager.	
fleur	
complexion	Constitution physique d'une personne considérée par rapport à sa santé.	Comportement d'un objet.	Anglicisme ou vieux Teinte, couleur de la peau.	
hommasse	Première personne du singulier de l'indicatif présent du verbe hommasser.	Troisième personne du singulier de l'indicatif présent du verbe hommasser.	Première personne du singulier du subjonctif présent du verbe hommasser.	Troisième personne du singulier du subjonctif présent du verbe hommasser.	Deuxième personne du singulier de l'impératif du verbe hommasser.	
grenouille	Première personne du singulier de l'indicatif présent du verbe grenouiller.	Troisième personne du singulier de l'indicatif présent du verbe grenouiller.	Première personne du singulier du subjonctif présent du verbe grenouiller.	Troisième personne du singulier du subjonctif présent du verbe grenouiller.	Deuxième personne du singulier de l'impératif du verbe grenouiller.	
anticipation	Action de se projeter dans l'avenir, de se représenter les résultats attendus d'une action cognitive et/ou de stratégies à mettre en œuvre pour y parvenir.	Action de dépenser un revenu avant qu'il soit échu.	Figure de rhétorique par laquelle l'orateur réfute d'avance les objections qui pourront lui être faites.	Genre littéraire où les histoires se passent dans un futur proche ou hypothétique.	
mettre	Disposer, placer, positionner ou poser quelque chose. S'emploie souvent dans des expressions toutes faites :	Mettre de l'ordre : Ranger, mettre à leur place des choses qui sont en désordre.	Mettre en valeur : Présenter, en insistant sur les bons aspects.	Mettre en examen : Décider d'enquêter sur une personne suspecte dans un crime ou délit. Similaire à accuser.	: M. X a été mis en examen.	Mettre à la porte : Renvoyer, expulser.	Mettre à part : Séparer du reste.	Mettre de côté : Séparer du reste, souvent s'en servir plus tard.	: M. X a mis sa part de côté.	Mettre à la retraite :	: "Va t'faire mettre, connard !"	Mettre en cause : Soupçonner d'être la cause d'un méfait, accuser.	Mettre à disposition : Autoriser l'emploi d'un objet ou d'une ressource.	Mettre à l'index : Inclure sur une liste -l'index- d'ouvrages prohibés.	Mettre du temps : Demeurer :	Tout comme les verbes de mouvement, mettre gouvernant un verbe à l'infinitif prend un sens final (cette tournure, littéraire, est le plus souvent remplacée aujourd'hui par mettre à régissant un verbe à infinitif, ce que les puristes désapprouvent) :	
décentration	Fait de se placer dans la perspective d'autrui. Il s'agit d'une forme d'explication des démarches cognitives mais appliquée à autrui.	
explicitation	Fait de pouvoir identifier, décrire, expliquer les démarches cognitives utilisées pour accomplir une tâche, expliciter les représentations intuitives à propos d'un concept, expliciter des démarches cognitives, expliciter des stratégies de résolution de problèmes.	Fait de développer, d'énoncer de manière claire quelque chose d'implicite.	
fichier	Collection de fiches ayant trait à un même sujet.	
Madère	Île la plus importante de l'archipel madérien, situé au large de l'Afrique et appartenant au Portugal.	
planète	Première personne du singulier de l'indicatif présent du verbe planeter.	Troisième personne du singulier de l'indicatif présent du verbe planeter.	Première personne du singulier du subjonctif présent du verbe planeter.	Troisième personne du singulier du subjonctif présent du verbe planeter.	Deuxième personne du singulier de l'impératif du verbe planeter.	
montgolfière	Aérostat de forme pseudo-sphérique, composé d'une grande poche remplie d'air chaud, d'une nacelle habitable située sous la poche et d'un réchaud permettant de chauffer l'air afin de contrôler l'élévation dans l'atmosphère. La montgolfière moderne s'appelle aussi ballon à air chaud.	
finnois	Langue parlée en Finlande.	Relatif à la langue finnoise ou à une personne dont le finnois est la langue maternelle. À ne pas confondre avec finlandais.	
vertébré	Participe passé masculin singulier du verbe vertébrer.	
serpent	Reptile apode ovipare (rarement ovovivipare).	Troisième personne du pluriel de l'indicatif présent du verbe serper.	Troisième personne du pluriel du subjonctif présent du verbe serper.	
normatif	lexicographie Qui tente d'établir la norme et d'orienter l'usage.	
grimpion	Substantif de Suisse romande désignant, de manière imagée, un arriviste. Le féminin grimpionne est attesté.	
excipit	
labarum	
misanthrope	Celui, celle qui aime la solitude, qui fuit ses semblables, qui les hait même.	:* « Tout homme qui, à quarante ans, n'est pas misanthrope, n'a jamais aimé les hommes. »  (Chamfort, Maximes et Pensées)	
métonymie	
oligarchie	Gouvernement politique où l'autorité souveraine est entre les mains d'un petit nombre de personnes ou d'une puissante famille.	
peuple	Multitude d'hommes qui, vivant habituellement ensemble, partagent les mêmes coutumes.	Population fixe d'un pays, en ce qu'elle forme un ensemble, un tout solidaire sous le même gouvernement.	Multitude d'hommes qui n'habitent pas le même pays, mais qui ont une même origine, une même religion, etc.	Partie la moins notable, la moins cultivée ou la moins riche des habitants d'une même ville, d'un même pays.	Grand nombre de personnes considérées sous des aspects qui leur sont communs.	Vulgaire, commun, populaire.	Première personne du singulier de l'indicatif présent du verbe peupler.	Troisième personne du singulier de l'indicatif présent du verbe peupler.	Première personne du singulier du subjonctif présent du verbe peupler.	Troisième personne du singulier du subjonctif présent du verbe peupler.	Deuxième personne du singulier de l'impératif du verbe peupler.	
cercle	Objet ou instrument de forme circulaire.	Toute disposition d'objets qui offre à peu près la figure d'une circonférence.	Mali District administratif.	Première personne du singulier de l'indicatif présent du verbe cercler.	Troisième personne du singulier de l'indicatif présent du verbe cercler.	Première personne du singulier du subjonctif présent du verbe cercler.	Troisième personne du singulier du subjonctif présent du verbe cercler.	Deuxième personne du singulier de l'impératif du verbe cercler.	
agriculteur	Personne qui, à titre professionnel, cultive la terre ou élève des animaux destinés à être consommés.	
vasectomie	Section des canaux déférents ayant pour but de rendre stérile un homme, les spermatozoïdes ne pouvant plus être transportés des testicules à l'urètre.	
amphigouri	Figure de rhétorique qui consiste à écrire un discours ou un texte de manière volontairement burlesque, obscure ou inintelligible.	
suédois	Langue parlée en Suède.	En rapport avec la Suède.	
blondophobie	Aversion pour les femmes blondes. Souvent exprimée par des blagues où elles figurent comme des sujets stupides. En nette progression ces dernières années, la blondophobie s'apparente à une forme de racisme.	
API	
efface	Petit cube de caoutchouc qui sert à effacer ce qui a été écrit avec un crayon de plomb.	Première personne du singulier de l'indicatif présent du verbe effacer.	Troisième personne du singulier de l'indicatif présent du verbe effacer.	Première personne du singulier du subjonctif présent du verbe effacer.	Troisième personne du singulier du subjonctif présent du verbe effacer.	Deuxième personne du singulier de l'impératif du verbe effacer.	
birman	Sémiotique Écriture utilisée pour cette langue.	
cinétique	Art Art abstrait contemporain basé sur les illusions d'optique.	
télétravail	Organisation du travail permise par les progrès de l'informatique et de la télématique ou certain employés d'une entreprise continuent à travailler à leur domicile, voir même pendant leur déplacements.	
comitat	Dénomination française des divisions administratives territoriales de certains pays d'Europe centrale, notamment :	
première	Féminin singulier de premier.	Nom que l'on donne à la toute première représentation publique d'un spectacle, d'un film, d'une pièce de théâtre…	Se dit encore de la première classe d'un train, d'un tramway, d'un bateau.	Premier palier de vitesse d'un véhicule doté d'une boîte de vitesses, première vitesse.	
deuxième	Adjectif ordinal correspondant au cardinal deux.	Élément ordinal, correspondant au cardinal deux.	
troisième	adjectif ordinal correspondant au cardinal trois.	Élément ordinal, correspondant au cardinal trois.	
trois	Le nombre 3, compris entre 2 (deux) et 4 (quatre).	Chiffre utilisé dans la numérotation décimale, représenté par 3 ou III.	Troisième jour du mois.	Adjectif numéral cardinal.	Adjectif numéral ordinal, troisième.	Petit nombre indéterminé.	
dans	Préposition de lieu qui marque le rapport d'une personne ou d'une chose à ce qui la contient.	Avec.	Selon.	Avec des mots qui indiquent une époque, une durée.	Indique un moment postérieur au moment de l'énonciation.	
lettre	Symbole permettant d'écrire une langue ; élément de l'alphabet.	Message écrit sur du papier ordinaire envoyé par courrier, généralement sous enveloppe.	Imprimerie Caractère de métal, alliage de plomb, d'antimoine et d'étain, représentant en relief une des lettres de l'alphabet.	En parlant d'un texte, se dit du sens littéral, par opposition au sens figuré ou extensif.	Première personne du singulier de l'indicatif présent du verbe lettrer.	Troisième personne du singulier de l'indicatif présent du verbe lettrer.	Première personne du singulier du subjonctif présent du verbe lettrer.	Troisième personne du singulier du subjonctif présent du verbe lettrer.	Deuxième personne du singulier de l'impératif du verbe lettrer.	
masculin	Qui est de sexe mâle, qui a rapport à ce sexe.	Qui possède les caractéristiques de ce sexe de manière développée.	
située	Participe passé féminin singulier du verbe situer.	
situer	Placer, poser en certain endroit par rapport à l'exposition, à l'aspect, au voisinage, etc.	
géographique	Relatif à la géographie.	
temporelle	Féminin singulier de temporel.	
temporel	Relatif au temps.	Qui passe avec le temps, périssable.	
élitaire	Relatif à une élite.	
os	(Dénombrable) Élément du squelette des animaux vertébrés, fait d'os (définition 1).	
faire	Créer, produire, fabriquer, en parlant de toute œuvre matérielle.	Dans le même sens, en parlant des œuvres de l'intelligence et de l'imagination.	Opérer, effectuer, exécuter, accomplir, réaliser, que ce soit d'ordre physique ou d'ordre moral.	Se dit aussi pour signifier un déplacement d'un lieu à un autre.	Signale un état de choses.	Disposer, ranger, arranger, mettre dans un état convenable.	Amasser, assembler, mettre ensemble, en parlant d'argent ou d'autres choses dont on a besoin de se pourvoir.	Employer ses forces, ses talents, l'activité de son esprit à quelque chose ; s'en occuper, y passer son temps.	Observer, mettre en pratique, souvent par obligation ou par précepte.	Exécuter ou pratiquer certaines choses que l'on s'oblige à achever en un certain temps.	Former, façonner, perfectionner quelqu'un.	Se dit de deux ou de plusieurs choses qui, par leur union, servent à former, à composer, à constituer un tout, une seule chose.	Ce qui est l'essence d'une chose, de ce en quoi elle consiste.	Être la cause de tel ou tel résultat ou en être l'occasion.	Construit avec la préposition de, il prend le sens de changer, transformer en.	Toujours avec la préposition de, il peut signifier employer quelqu'un ou quelque chose, en disposer, en tirer parti d'une façon ou d'une autre.	S'emploie souvent en tant que verbe-substitut pour éviter la répétition du verbe précédent, précédé des conjonctions comme, ainsi que, autant que, moins que, plus que, etc., et accompagné du pronom personnel le (l'), celui-ci représentant l'action décrite juste avant.	Il est également substitut dans l'expression en faire autant.	Mais on ne doit pas confondre cet emploi avec une autre tournure (sans conjonction de subordination) dans laquelle faire, conservant le sens d'exécuter, opérer, effectuer, etc., a également pour complément le pronom le qui représente le verbe précédent.	jeu	Agir.	Devenir, embrasser une profession, une idée, une religion.	Indique une chose que l'on s'accorde ou que l'on s'impose à soi-même.	S'habituer, s'accoutumer à quelque chose.	Se former.	Se créer.	Être possible, se produire.	Être couramment pratiqué.	Indique un état météorologique.	S'emploie pour marquer la nature, l'état, la disposition ou les qualités de certaines choses.	Sens divers.	(Locution adverbiale) Ce qui fait que… : De ce fait, du coup.	Arriver.	(locution verbale) Cela se fait : Se dit surtout des actes de politesse ou de cérémonie qu'il est convenable d'accomplir en telle ou telle circonstance.	Dans l'expression :	Aux formes simple ou pronominale (se faire), peut être auxiliaire de mode et se construire avec un infinitif pour signifier : être la cause (proche ou lointaine) de quelque chose ou d'une action. Le sujet du verbe à l'infinitif peut être exprimé dans la phrase ou être absent de la phrase. De même, le complément d'objet du verbe à l'infinitif n'est pas toujours exprimé.	Expressions qui veulent toutes dire la même chose : laisse-moi tranquille.	
science	Savoir, connaissance de certaines choses qui servent à la conduite de la vie ou à celle des affaires.	Ensemble des connaissances acquises par l'étude ou la pratique.	Hiérarchisation, organisation et synthèse des connaissances au travers de principes généraux (théories, lois, etc.).	
aquarium	Réservoir d'eau, généralement en verre épais, dans lequel on garde des poissons ou des algues.	
Royaume-Uni	
palindrome	Texte dont la succession des lettres est la même quand on le parcourt de gauche à droite ou de droite à gauche.	
gaga	Stéphanois	Personne sénile, gâteuse.	Parler stéphanois.	
daltonien	Personne atteinte de daltonisme, c'est-à-dire ne différenciant pas certaines couleurs.	Qui est atteint de daltonisme.	
zoophile	Personne éprouvant une attirance sexuelle envers les animaux.	Qui éprouve une attirance sexuelle envers les animaux.	En rapport avec la zoophilie, qui concerne la zoophilie.	(plus rare) Qui aime les animaux, ou qui concerne l'amour des animaux.	
prestation	Service fourni.	Fait de prêter.	Argent versé des aides sociales.	
fourni	Épais, abondant.	Pourvu, muni.	Participe passé masculin singulier du verbe fournir.	
journal	Qui est relatif à chaque jour.	Document qui recense par ordre chronologique les événements pour une période donnée.	Synthèse de l'actualité (du jour, de la semaine…) par un organe de presse.	
abaca	Bananier des Philippines de la famille des musacées, dont les feuilles fournissent le chanvre de Manille, une matière textile.	Fibre textile tirée du bananier du même nom, appelée aussi chanvre de Manille ou tagal.	
accordéoniste	
accordéon	Instrument à vent, composé d'un soufflet permettant le déplacement de l'air et de touches permettant des changements de tonalité, le son est produit par un système d'anches libres. Il dispose de deux claviers : l'un pour le chant à main droite, l'autre pour l'accompagnement à main gauche.	
bachi-bouzouk	Injure préférée du Capitaine Haddock, héros de la bande dessinée de Hergé Les aventures de Tintin et Milou.	
parlement	collectivement Angleterre Les deux chambres ou assemblées qui exercent, avec le roi, le pouvoir législatif, et qui sont formées, l'une des pairs ecclésiastiques et séculiers, l'autre des députés des comtés, des villes et des bourgs.	
quatrième	Adjectif ordinal correspondant au nombre quatre.	Élément ordinal, correspondant au cardinal quatre.	Classe de troisième année du premier cycle de l'enseignement secondaire dans le système scolaire français, appelée ainsi car correspondant à la quatrième année précédant l'année du Baccalauréat général.	Suite de quatre cartes de même couleur au jeu de Piquet.	
cinquième	Qui concerne l'ordinal ou la fraction cinquième.	Qui vient après le quatrième.	
sixième	Élément ordinal, correspondant au cardinal six.	Fraction d'une unité divisée en 6 parties.	En France, nom de la première classe de collège.	Qui concerne l'ordinal ou la fraction sixième.	
septième	Élément ordinal, correspondant au cardinal sept.	Fraction obtenue en divisant sept fois.	Qui concerne l'ordinal ou la fraction septième.	
huitième	Élément ordinal, substantivé, correspondant au cardinal huit.	Chaque partie d'un tout qui est, réellement ou conceptuellement, divisé en huit parties égales.	Qui concerne l'ordinal ou la fraction huitième.	
neuvième	Élément ordinal, correspondant au cardinal neuf.	Fraction obtenue en divisant neuf fois.	Qui concerne l'ordinal de neuf.	
dixième	Élément ordinal, correspondant au cardinal dix.	Fraction obtenue en divisant dix fois.	Qui concerne l'ordinal ou la fraction dixième.	
kantien	Qui découle ou s'apparente à la pensée de Kant.	
kantisme	Doctrine philosophique d'Emmanuel Kant (fondée à la fin du XVIIIe siècle).	Au sens large, doctrine philosophique se réclamant de la philosophie de Kant.	
étalon	Instrument de mesure qui sert de référence pour cette unité de mesure.	Dans l'industrie, pièce de référence pour l'étalonnage d'un moyen de mesure spécialisé.	
maboul	
mac	
gagnable	Qu'il est possible de gagner.	
paluche	Première personne du singulier de l'indicatif présent du verbe palucher.	Troisième personne du singulier de l'indicatif présent du verbe palucher.	Première personne du singulier du subjonctif présent du verbe palucher.	Troisième personne du singulier du subjonctif présent du verbe palucher.	Deuxième personne du singulier de l'impératif du verbe palucher.	
botanique	Science consacrée à l'étude des végétaux.	Relatif à l'étude des végétaux.	
végétal	Être pluricellulaire à la base de la chaîne alimentaire. Les végétaux sont des organismes autotrophes. Ils sont capables de synthétiser les composants organiques à partir de sels minéraux puisés dans le sol et d'énergie solaire. Ce sont des organismes fixés au sol, ce qui les rend très dépendants des conditions de leur environnement.	Relatif aux végétaux.	
